

SET SQL_MODE = "NO_AUTO_VALUE_ON_ZERO";
SET AUTOCOMMIT = 0;
START TRANSACTION;
SET time_zone = "+00:00";


--
-- Database: `doctor`
--

-- --------------------------------------------------------

--
-- Table structure for table `admin`
--

DROP TABLE IF EXISTS `admin`;
CREATE TABLE IF NOT EXISTS `admin` (
  `id` int(11) NOT NULL AUTO_INCREMENT,
  `email` varchar(255) NOT NULL,
  `password` varchar(255) NOT NULL,
  `remember_token` varchar(255) DEFAULT NULL,
  `created_at` bigint(20) DEFAULT NULL,
  `updated_at` bigint(20) DEFAULT NULL,
  `name` varchar(255) NOT NULL,
  PRIMARY KEY (`id`)
) ENGINE=InnoDB AUTO_INCREMENT=2 DEFAULT CHARSET=utf8 COMMENT='ادمین سیستم';

--
-- Dumping data for table `admin`
--

INSERT INTO `admin` (`id`, `email`, `password`, `remember_token`, `created_at`, `updated_at`, `name`) VALUES
(1, 'admin@a.com', '$2y$10$SW.gkQ6CXn4iuEG.RzSZJeXB7F/Att4cls2yTS9b.nKCkus7YS3/C', 'GOGel6eOJFJEs1eR6bYM9XAXC9MH9Ae6tpRB24ZoxB0o9OnLCfnVg10m0Umu', 1575706600, 1575798882, 'پرهام عظیمی');

-- --------------------------------------------------------

--
-- Table structure for table `blog`
--

DROP TABLE IF EXISTS `blog`;
CREATE TABLE IF NOT EXISTS `blog` (
  `id` int(11) NOT NULL AUTO_INCREMENT,
  `title` varchar(100) NOT NULL,
  `picture` varchar(255) NOT NULL,
  `text` text NOT NULL,
  `active` int(11) NOT NULL DEFAULT '1',
  PRIMARY KEY (`id`),
  KEY `title` (`title`)
) ENGINE=InnoDB DEFAULT CHARSET=utf8 COMMENT='مطالب';

-- --------------------------------------------------------

--
-- Table structure for table `charity`
--

DROP TABLE IF EXISTS `charity`;
CREATE TABLE IF NOT EXISTS `charity` (
  `id` int(11) NOT NULL AUTO_INCREMENT,
  `doctor_id` int(11) NOT NULL,
  `patient_id` int(11) NOT NULL,
  `description` text NOT NULL,
  `status` int(11) NOT NULL DEFAULT '0' 'Zero waiting for doctor's approval - 1 doctor's approval waiting for admin's approval - two admin's approved',
  `created_at` bigint(20) DEFAULT NULL,
  `updated_at` bigint(20) DEFAULT NULL,
  PRIMARY KEY (`id`)
) ENGINE=InnoDB DEFAULT CHARSET=utf8 COMMENT='Asking for help from the patient - charity';

-- --------------------------------------------------------

--
-- Table structure for table `city`
--

DROP TABLE IF EXISTS `city`;
CREATE TABLE IF NOT EXISTS `city` (
  `id` int(20) NOT NULL AUTO_INCREMENT,
  `name` varchar(255) NOT NULL,
  `province_id` bigint(20) NOT NULL,
  PRIMARY KEY (`id`),
  KEY `province_id` (`province_id`)
) ENGINE=InnoDB AUTO_INCREMENT=1263 DEFAULT CHARSET=utf8 COMMENT='Base city';

--
-- Dumping data for table `city`
--

INSERT INTO `city` (`id`, `name`, `province_id`) VALUES
(1, ' آبش ماحد', 1),
(2, ' آچاچی', 1),
(3, ' آذر ', 1),
(4, ' اسکو', 1),
(5, ' آقکند', 1),
(6, ' اهر', 1),
(7, ' ایلخچی', 1),
(8, ' باسمنج', 1),
(9, ' بخشایش', 1),
(10, ' بستان آباد', 1),
(11, ' بناب', 1),
(12, ' بناب مرند', 1),
(13, ' تبریز', 1),
(14, ' ترک', 1),
(15, ' ترکمانچای', 1),
(16, ' تسوج', 1),
(17, ' تیکمه داش', 1),
(18, ' تیمورلو', 1),
(19, ' جلفا', 1),
(20, ' جوان قلعه', 1),
(21, ' خاروانا', 1),
(22, ' خامنه', 1),
(23, ' خداجو', 1),
(24, ' خسروشاه', 1),
(25, ' خمارلو', 1),
(26, ' خواجه', 1),
(27, ' خوشه مهر ', 1),
(28, ' دوزدوزان', 1),
(29, ' زرنق', 1),
(30, ' زنوز', 1),
(31, ' سراب', 1),
(32, ' سردرود', 1),
(33, ' سیس', 1),
(34, ' سیه رود', 1),
(35, ' شبستر', 1),
(36, ' شربیان', 1),
(37, ' شرفخانه', 1),
(38, ' شند آباد', 1),
(39, ' جدیدسهند', 1),
(40, ' صوفیان', 1),
(41, ' عجب شیر', 1),
(42, ' قره آغاج', 1),
(43, ' کشکسرای', 1),
(44, ' کلوانق', 1),
(45, ' کلیبر', 1),
(46, ' کوزه کنان', 1),
(47, ' گوگان', 1),
(48, ' لیلان', 1),
(49, ' مبارک ', 1),
(50, ' مراغه', 1),
(51, ' مرند', 1),
(52, ' ملکان', 1),
(53, ' ممقان', 1),
(54, ' مهربان', 1),
(55, ' میانه', 1),
(56, ' نظر کهریزی', 1),
(57, ' هادی', 1),
(58, ' هریس', 1),
(59, ' هشترود', 1),
(60, ' هوراند', 1),
(61, ' وایقان', 1),
(62, ' ورزقان', 1),
(63, ' یامچی', 1),
(64, ' ارومیه', 2),
(65, ' اشنویه', 2),
(66, ' آواجیق', 2),
(67, ' ایواوغلی', 2),
(68, ' باروق', 2),
(69, ' بازرگان', 2),
(70, ' بوکان', 2),
(71, ' پلدشت', 2),
(72, ' پیران', 2),
(73, ' تازه ', 2),
(74, ' تکاب', 2),
(75, ' چهار برج', 2),
(76, ' حاجیلار', 2),
(77, ' خلیفان', 2),
(78, ' خوی', 2),
(79, ' دیزج دیز', 2),
(80, ' ربط', 2),
(81, ' زرآباد', 2),
(82, ' سردشت', 2),
(83, ' سرو', 2),
(84, ' سلماس', 2),
(85, ' سیلوانه', 2),
(86, ' سیمینه', 2),
(87, ' سیه چشمه', 2),
(88, ' شاهیندژ', 2),
(89, ' شوط', 2),
(90, ' فیرورق', 2),
(91, ' قره ضیاءالدین', 2),
(92, ' قطور', 2),
(93, ' قوشچی', 2),
(94, ' کشاورز', 2),
(95, ' گردکشانه', 2),
(96, ' ماکو', 2),
(97, ' محمدیار', 2),
(98, ' محمودآباد', 2),
(99, ' مرگنلر', 2),
(100, ' مهاباد', 2),
(101, ' میاندوآب', 2),
(102, ' میرآباد', 2),
(103, ' نازک علیا', 2),
(104, ' نالوس', 2),
(105, ' نقده', 2),
(106, ' نوشین', 2),
(107, ' آبی بیگلو', 3),
(108, ' اردبیل', 3),
(109, ' اسلام آباد', 3),
(110, ' اصلاندوز', 3),
(111, ' بیله سوار', 3),
(112, ' پارس آباد', 3),
(113, ' تازه کند', 3),
(114, ' تازه کندانگوت', 3),
(115, ' جعفر آباد', 3),
(116, ' خلخال', 3),
(117, ' رضی', 3),
(118, ' سرعین', 3),
(119, ' عنبران', 3),
(120, ' فخرآباد', 3),
(121, ' قصابه', 3),
(122, ' کلور', 3),
(123, ' کورائیم', 3),
(124, ' گرمی', 3),
(125, ' گیوی', 3),
(126, ' لاهرود', 3),
(127, ' مرادلو', 3),
(128, ' مشگین ', 3),
(129, ' نمین', 3),
(130, ' نیر', 3),
(131, ' هشتجین', 3),
(132, ' هیر', 3),
(133, ' ابریشم', 4),
(134, ' ابوزیدآباد', 4),
(135, ' آران و بیدگل', 4),
(136, ' اردستان', 4),
(137, ' اژیه', 4),
(138, ' اصغرآباد', 4),
(139, ' اصفهان', 4),
(140, ' افوس', 4),
(141, ' انارک', 4),
(142, ' ایمان', 4),
(143, ' بادرود', 4),
(144, ' باغ بهادران', 4),
(145, ' باغشاد', 4),
(146, ' بافران', 4),
(147, ' برزک', 4),
(148, ' برف انبار', 4),
(149, ' بهاران ', 4),
(150, ' بهارستان', 4),
(151, ' بوئین میاندشت', 4),
(152, ' پیربکران', 4),
(153, ' تودشک', 4),
(154, ' تیران', 4),
(155, ' جندق', 4),
(156, ' جوزدان', 4),
(157, ' جوشقان قالی', 4),
(158, ' چادگان', 4),
(159, ' چرمهین', 4),
(160, ' چمگردان', 4),
(161, ' حبیب آباد', 4),
(162, ' حسن آباد', 4),
(163, ' حنا', 4),
(164, ' خالدآ باد', 4),
(165, ' خمینی ', 4),
(166, ' خوانسار', 4),
(167, ' خور', 4),
(168, ' خورزوق', 4),
(169, ' داران', 4),
(170, ' دامنه', 4),
(171, ' درچه پیاز', 4),
(172, ' دستگرد', 4),
(173, ' دهاقان', 4),
(174, ' دهق', 4),
(175, ' دولت آباد', 4),
(176, ' دیزیچه', 4),
(177, ' رزوه', 4),
(178, ' رضوان', 4),
(179, ' زازران', 4),
(180, ' زاینده رود', 4),
(181, ' زرین ', 4),
(182, ' زواره', 4),
(183, ' زیار', 4),
(184, ' زیبا', 4),
(185, ' سده لنجان', 4),
(186, ' سفید', 4),
(187, ' سگزی', 4),
(188, ' سمیرم', 4),
(189, ' سین', 4),
(190, ' شاپورآباد', 4),
(191, ' شاهین ', 4),
(192, '  جدید مجلسی', 4),
(193, ' ضا', 4),
(194, ' طالخونچه', 4),
(195, ' طرق رود', 4),
(196, ' عسگران', 4),
(197, ' علویجه', 4),
(198, ' فرخی', 4),
(199, ' فریدون', 4),
(200, ' فلاورجان', 4),
(201, ' فولاد', 4),
(202, ' قمصر', 4),
(203, ' قهجاورستان', 4),
(204, ' قهدریجان', 4),
(205, ' کاشان', 4),
(206, ' کامووچوگان', 4),
(207, ' کرکوند', 4),
(208, ' کلیشادوسودرجان', 4),
(209, ' کمشجه', 4),
(210, ' کمه', 4),
(211, ' کهریزسنگ', 4),
(212, ' کوشک', 4),
(213, ' کوهپایه', 4),
(214, ' گرگاب', 4),
(215, ' گزبرخوار', 4),
(216, ' گلپایگان', 4),
(217, ' گلدشت', 4),
(218, ' گلشن', 4),
(219, ' گل', 4),
(220, ' گوگد', 4),
(221, ' لای بید', 4),
(222, ' مبارکه', 4),
(223, ' محمدآباد', 4),
(224, ' مشکات', 4),
(225, ' منظریه', 4),
(226, ' مهاباد', 4),
(227, ' میمه', 4),
(228, ' نائین', 4),
(229, ' نجف آباد', 4),
(230, ' نصرآباد', 4),
(231, ' نطنز', 4),
(232, ' نوش آباد', 4),
(233, ' نیاسر', 4),
(234, ' نیک آباد', 4),
(235, ' هرند', 4),
(236, ' ورزنه', 4),
(237, ' ورنامخواست', 4),
(238, ' وزوان', 4),
(239, ' ونک', 4),
(240, ' آسارا', 5),
(241, ' اشتهارد', 5),
(242, ' تنکمان', 5),
(243, ' چهارباغ', 5),
(244, ' جدیدهشتگرد', 5),
(245, ' طالقان', 5),
(246, ' فردیس', 5),
(247, ' کرج', 5),
(248, ' کمال', 5),
(249, ' کوهسار', 5),
(250, ' گرمدره', 5),
(251, ' گلسار', 5),
(252, ' ماهدشت', 5),
(253, ' محمد', 5),
(254, ' مشکین دشت', 5),
(255, ' نظرآباد', 5),
(256, ' هشتگرد', 5),
(257, ' آبدانان', 6),
(258, ' ارکواز', 6),
(259, ' آسمان آباد', 6),
(260, ' ایلام', 6),
(261, ' ایوان', 6),
(262, ' بدره', 6),
(263, ' بلاوه', 6),
(264, ' پهله', 6),
(265, ' توحید', 6),
(266, ' چوار', 6),
(267, ' دره ', 6),
(268, ' دلگشا', 6),
(269, ' دهلران', 6),
(270, ' زرنه', 6),
(271, ' سراب باغ', 6),
(272, ' سرآبله', 6),
(273, ' شباب', 6),
(274, ' صالح آباد', 6),
(275, ' لومار', 6),
(276, ' ماژین', 6),
(277, ' مهر', 6),
(278, ' مهران', 6),
(279, ' مورموری', 6),
(280, ' موسیان', 6),
(281, ' میمه', 6),
(282, '  بندرگناوه', 7),
(283, '  بنک', 7),
(284, ' آباد', 7),
(285, ' آبپخش', 7),
(286, ' آبدان', 7),
(287, ' امام حسن', 7),
(288, ' انارستان', 7),
(289, ' اهرم', 7),
(290, ' بادوله', 7),
(291, ' برازجان', 7),
(292, ' بردخون', 7),
(293, ' بردستان', 7),
(294, ' بندر دیلم', 7),
(295, ' بندر ریگ', 7),
(296, ' بندردیر', 7),
(297, ' بندرکنگان', 7),
(298, ' بوشکان', 7),
(299, ' بو', 7),
(300, ' تنگ ارم', 7),
(301, ' جم', 7),
(302, ' چغادک', 7),
(303, ' خارک', 7),
(304, ' خورموج', 7),
(305, ' دالکی', 7),
(306, ' دلوار', 7),
(307, ' دوراهک', 7),
(308, ' ریز', 7),
(309, ' سعدآباد', 7),
(310, ' سیراف', 7),
(311, ' شبانکاره', 7),
(312, ' شنبه', 7),
(313, ' عالی ', 7),
(314, ' عسلویه', 7),
(315, ' کاکی', 7),
(316, ' کلمه', 7),
(317, ' نخل تقی', 7),
(318, ' وحدتیه', 7),
(319, '  صبا  ', 8),
(320, '  فردوسیه ', 8),
(321, ' آبسرد', 8),
(322, ' آبعلی', 8),
(323, ' ارجمند', 8),
(324, ' اسلام', 8),
(325, ' باغستان', 8),
(326, ' باقر ', 8),
(327, ' بومهن', 8),
(328, ' پاکدشت', 8),
(329, ' پیشوا', 8),
(330, ' تجریش', 8),
(331, ' تهران', 8),
(332, ' جواد آباد', 8),
(333, ' چهاردانگه', 8),
(334, ' حسن آباد', 8),
(335, ' دماوند', 8),
(336, ' رباطکریم', 8),
(337, ' رودهن', 8),
(338, ' ری', 8),
(339, ' شاهد ', 8),
(340, ' شریف آباد', 8),
(341, ' شمشک', 8),
(342, '  جدید اندیشه', 8),
(343, ' جدیدپردیس', 8),
(344, ' جدیدپرند', 8),
(345, ' یار', 8),
(346, ' صالحیه', 8),
(347, ' صفادشت', 8),
(348, ' فرون آباد', 8),
(349, ' فشم', 8),
(350, ' فیروزکوه', 8),
(351, ' قدس', 8),
(352, ' قرچک', 8),
(353, ' کهریزک', 8),
(354, ' کوره فرنگی', 8),
(355, ' کیلان', 8),
(356, ' گلستان', 8),
(357, ' لواسان', 8),
(358, ' ملارد', 8),
(359, ' نسیم ', 8),
(360, ' نصیر', 8),
(361, ' وحیدیه', 8),
(362, ' ورامین', 8),
(363, '  نقنه', 9),
(364, ' اردل', 9),
(365, ' آلونی', 9),
(366, ' باباحیدر', 9),
(367, ' بازفت', 9),
(368, ' بروجن', 9),
(369, ' بلداجی', 9),
(370, ' بن', 9),
(371, ' پردنجان', 9),
(372, ' جونقان', 9),
(373, ' چلگرد', 9),
(374, ' چلیچه', 9),
(375, ' دستناء', 9),
(376, ' دشتک', 9),
(377, ' سامان', 9),
(378, ' سرخون', 9),
(379, ' سردشت لردگان', 9),
(380, ' سفید دشت', 9),
(381, ' سودجان', 9),
(382, ' سورشجان', 9),
(383, ' شلمزار', 9),
(384, '  کرد', 9),
(385, ' صمصامی', 9),
(386, ' طاقانک', 9),
(387, ' فارسان', 9),
(388, ' فرادنبه', 9),
(389, ' فرخ ', 9),
(390, ' کاج', 9),
(391, ' کیان', 9),
(392, ' گندمان', 9),
(393, ' گهرو', 9),
(394, ' گوجان', 9),
(395, ' لردگان', 9),
(396, ' مال خلیفه', 9),
(397, ' منج', 9),
(398, ' ناغان', 9),
(399, ' نافچ', 9),
(400, ' هارونی', 9),
(401, ' هفشجان', 9),
(402, ' وردنجان', 9),
(403, ' آبیز', 10),
(404, ' ارسک', 10),
(405, ' آرین ', 10),
(406, ' اسدیه', 10),
(407, ' اسفدن', 10),
(408, ' اسلامیه', 10),
(409, ' آیسک', 10),
(410, ' بشرویه', 10),
(411, ' بیرجند', 10),
(412, ' حاجی آباد', 10),
(413, ' خضری دشت بیاض', 10),
(414, ' خوسف', 10),
(415, ' درح', 10),
(416, ' دیهوک', 10),
(417, ' زهان', 10),
(418, ' سرایان', 10),
(419, ' سربیشه', 10),
(420, ' سه قلعه', 10),
(421, ' شوسف', 10),
(422, ' طبس', 10),
(423, ' طبس مسینا', 10),
(424, ' عشق آباد', 10),
(425, ' فردوس', 10),
(426, ' قاین', 10),
(427, ' قهستان', 10),
(428, ' گزیک', 10),
(429, ' محمد', 10),
(430, ' مود', 10),
(431, ' نهبندان', 10),
(432, ' نیمبلوک', 10),
(433, ' احمدآبادصولت', 11),
(434, ' انابد', 11),
(435, ' باجگیران', 11),
(436, ' باخرز', 11),
(437, ' بار', 11),
(438, ' بایک', 11),
(439, ' بجستان', 11),
(440, ' بردسکن', 11),
(441, ' بیدخت', 11),
(442, ' تایباد', 11),
(443, ' تربت جام', 11),
(444, ' تربت حیدریه', 11),
(445, ' جغتای', 11),
(446, ' جنگل', 11),
(447, ' چاپشلو', 11),
(448, ' چکنه', 11),
(449, ' چناران', 11),
(450, ' خرو', 11),
(451, ' خلیل آباد', 11),
(452, ' خواف', 11),
(453, ' داورزن', 11),
(454, ' درگز', 11),
(455, ' درود', 11),
(456, ' دولت آباد', 11),
(457, ' رباط سنگ', 11),
(458, ' رشتخوار', 11),
(459, ' رضویه', 11),
(460, ' روداب', 11),
(461, ' ریوش', 11),
(462, ' سبزوار', 11),
(463, ' سرخس', 11),
(464, ' سفید سنگ', 11),
(465, ' سلامی', 11),
(466, ' سلطان آباد', 11),
(467, ' سمیع آباد', 11),
(468, ' سنگان', 11),
(469, ' شادمهر', 11),
(470, ' شاندیز', 11),
(471, ' ششتمد', 11),
(472, '  جدید گلبهار', 11),
(473, ' آباد', 11),
(474, ' زو', 11),
(475, ' صالح آباد', 11),
(476, ' طرقبه', 11),
(477, ' عشق آباد', 11),
(478, ' فرهادگرد', 11),
(479, ' فریمان', 11),
(480, ' فیروزه', 11),
(481, ' فیض آباد', 11),
(482, ' قاسم آباد', 11),
(483, ' قدمگاه', 11),
(484, ' قلندرآباد', 11),
(485, ' قوچان', 11),
(486, ' کاخک', 11),
(487, ' کاریز', 11),
(488, ' کاشمر', 11),
(489, ' کدکن', 11),
(490, ' کلات', 11),
(491, ' کندر', 11),
(492, ' گلمکان', 11),
(493, ' گناباد', 11),
(494, ' لطف آباد', 11),
(495, ' مزدآوند', 11),
(496, ' مشهد', 11),
(497, ' مشهدریزه', 11),
(498, ' ملک آباد', 11),
(499, ' نشتیفان', 11),
(500, ' نصرآباد', 11),
(501, ' نقاب', 11),
(502, ' نوخندان', 11),
(503, ' نیشابور', 11),
(504, ' نیل ', 11),
(505, ' همت آباد', 11),
(506, ' یونسی', 11),
(507, ' اسفراین', 12),
(508, ' آشخانه', 12),
(509, ' آوا', 12),
(510, ' ایور', 12),
(511, ' بجنورد', 12),
(512, ' پیش قلعه', 12),
(513, ' تیتکانلو', 12),
(514, ' جاجرم', 12),
(515, ' چناران ', 12),
(516, ' حصار گرمخان', 12),
(517, ' درق', 12),
(518, ' راز', 12),
(519, ' زیارت', 12),
(520, ' سنخواست', 12),
(521, ' شوقان', 12),
(522, ' شیروان', 12),
(523, ' صفی آباد', 12),
(524, ' فاروج', 12),
(525, ' قاضی', 12),
(526, ' قوشخانه', 12),
(527, ' گرمه', 12),
(528, ' لوجلی', 12),
(529, ' آبادان', 13),
(530, ' آبژدان', 13),
(531, ' ابوحمیظه', 13),
(532, ' اروندکنار', 13),
(533, ' آزادی', 13),
(534, ' آغاجاری', 13),
(535, ' الهائی', 13),
(536, ' الوان', 13),
(537, ' امیدیه', 13),
(538, ' اندیمشک', 13),
(539, ' اهواز', 13),
(540, ' ایذه', 13),
(541, ' باغ ملک', 13),
(542, ' بستان', 13),
(543, ' بندرامام خمینی', 13),
(544, ' بندرماه', 13),
(545, ' بهبهان', 13),
(546, ' بیدروبه', 13),
(547, ' ترکالکی', 13),
(548, ' تشان', 13),
(549, ' جایزان', 13),
(550, ' جنت مکان', 13),
(551, ' چغامیش', 13),
(552, ' چم گلک', 13),
(553, ' چمران', 13),
(554, ' چوئبده', 13),
(555, ' حر', 13),
(556, ' حسینیه', 13),
(557, ' حمزه', 13),
(558, ' حمیدیه', 13),
(559, ' خرم', 13),
(560, ' خنافره', 13),
(561, ' دارخوین', 13),
(562, ' دزفول', 13),
(563, ' دهدز', 13),
(564, ' رامشیر', 13),
(565, ' رامهرمز', 13),
(566, ' رفیع', 13),
(567, ' زهره', 13),
(568, ' سالند', 13),
(569, ' سرداران', 13),
(570, ' سردشت', 13),
(571, ' سماله', 13),
(572, ' سوسنگرد', 13),
(573, ' سیاه منصور', 13),
(574, ' شادگان', 13),
(575, ' شاوور', 13),
(576, ' شرافت', 13),
(577, ' شمس آباد', 13),
(578, ' امام', 13),
(579, ' شوش', 13),
(580, ' شوشتر', 13),
(581, ' شیبان', 13),
(582, ' صالح ', 13),
(583, ' صفی آباد', 13),
(584, ' صیدون', 13),
(585, ' فتح المبین', 13),
(586, ' قلعه تل', 13),
(587, ' قلعه خواجه', 13),
(588, ' کوت سیدنعیم', 13),
(589, ' کوت عبدالله', 13),
(590, ' گتوند', 13),
(591, ' گلگیر', 13),
(592, ' گوریه', 13),
(593, ' لالی', 13),
(594, ' مسجدسلیمان', 13),
(595, ' مشراگه', 13),
(596, ' ملاثانی', 13),
(597, ' منصوریه', 13),
(598, ' میانرود', 13),
(599, ' میداود', 13),
(600, ' مینو', 13),
(601, ' هفتگل', 13),
(602, ' هندیجان', 13),
(603, ' هویزه', 13),
(604, ' ویس', 13),
(605, ' آب بر', 14),
(606, ' ابهر', 14),
(607, ' ارمغانخانه', 14),
(608, ' چورزق', 14),
(609, ' حلب', 14),
(610, ' خرمدره', 14),
(611, ' دندی', 14),
(612, ' زرین آباد', 14),
(613, ' زرین رود', 14),
(614, ' زنجان', 14),
(615, ' سجاس', 14),
(616, ' سلطانیه', 14),
(617, ' سهرورد', 14),
(618, ' صائین قلعه', 14),
(619, ' قیدار', 14),
(620, ' کرسف', 14),
(621, ' گرماب', 14),
(622, ' ماهنشان', 14),
(623, ' نوربهار', 14),
(624, ' نیکپی', 14),
(625, ' هیدج', 14),
(626, ' آرادان', 15),
(627, ' امیریه', 15),
(628, ' ایوانکی', 15),
(629, ' بسطام', 15),
(630, ' بیارجمند', 15),
(631, ' دامغان', 15),
(632, ' درجزین', 15),
(633, ' دیباج', 15),
(634, ' رودیان', 15),
(635, ' سرخه', 15),
(636, ' سمنان', 15),
(637, ' شاهرود', 15),
(638, ' شهمیرزاد', 15),
(639, ' کلاته', 15),
(640, ' کلاته خیج', 15),
(641, ' کهن آباد', 15),
(642, ' گرمسار', 15),
(643, ' مجن', 15),
(644, ' مهدی', 15),
(645, ' میامی', 15),
(646, ' ادیمی', 16),
(647, ' اسپکه', 16),
(648, ' ایران', 16),
(649, ' بزمان', 16),
(650, ' بمپور', 16),
(651, ' بنت', 16),
(652, ' بنجار', 16),
(653, ' پیشین', 16),
(654, ' جالق', 16),
(655, ' چاه بهار', 16),
(656, ' خاش', 16),
(657, ' دوست محمد', 16),
(658, ' راسک', 16),
(659, ' زابل', 16),
(660, ' زاهدان', 16),
(661, ' زرآباد', 16),
(662, ' زهک', 16),
(663, ' سراوان', 16),
(664, ' سرباز', 16),
(665, ' سوران', 16),
(666, ' سیرکان', 16),
(667, ' علی اکبر', 16),
(668, ' فنوج', 16),
(669, ' قصرقند', 16),
(670, ' کنارک', 16),
(671, ' گشت', 16),
(672, ' گلمورتی', 16),
(673, ' محمدآباد', 16),
(674, ' محمدان', 16),
(675, ' محمدی', 16),
(676, ' مهرستان', 16),
(677, ' میرجاوه', 16),
(678, ' نصرت آباد', 16),
(679, ' نگور', 16),
(680, ' نیک', 16),
(681, ' هیدوچ', 16),
(682, ' آباده', 17),
(683, ' آباده طشک', 17),
(684, ' ارد', 17),
(685, ' اردکان', 17),
(686, ' ارسنجان', 17),
(687, ' استهبان', 17),
(688, ' اسیر', 17),
(689, ' اشکنان', 17),
(690, ' افزر', 17),
(691, ' اقلید', 17),
(692, ' امام ', 17),
(693, ' اهل', 17),
(694, ' اوز', 17),
(695, ' ایج', 17),
(696, ' ایزدخواست', 17),
(697, ' باب انار', 17),
(698, ' بابامنیر', 17),
(699, ' بالاده', 17),
(700, ' بنارویه', 17),
(701, ' بهمن', 17),
(702, ' بوانات', 17),
(703, ' بیرم', 17),
(704, ' بیضا', 17),
(705, ' جنت ', 17),
(706, ' جهرم', 17),
(707, ' جویم', 17),
(708, ' چاه ورز', 17),
(709, ' حاجی آباد', 17),
(710, ' حسامی', 17),
(711, ' حسن آباد', 17),
(712, ' خانه زنیان', 17),
(713, ' خانیمن', 17),
(714, ' خاوران', 17),
(715, ' خرامه', 17),
(716, ' خشت', 17),
(717, ' خنج', 17),
(718, ' خور', 17),
(719, ' خوزی', 17),
(720, ' خومه زار', 17),
(721, ' داراب', 17),
(722, ' داریان', 17),
(723, ' دبیران', 17),
(724, ' دژکرد', 17),
(725, ' دهرم', 17),
(726, ' دوبرجی', 17),
(727, ' دوزه', 17),
(728, ' رامجرد', 17),
(729, ' رستاق', 17),
(730, ' رونیز', 17),
(731, ' زاهد', 17),
(732, ' زرقان', 17),
(733, ' سده', 17),
(734, ' سروستان', 17),
(735, ' سعادت ', 17),
(736, ' سلطان ', 17),
(737, ' سورمق', 17),
(738, ' سیدان', 17),
(739, ' ششده', 17),
(740, ' پیر', 17),
(741, ' جدیدصدرا', 17),
(742, ' شیراز', 17),
(743, ' صغاد', 17),
(744, ' صفا', 17),
(745, ' طسوج', 17),
(746, ' علامرودشت', 17),
(747, ' عمادده', 17),
(748, ' فدامی', 17),
(749, ' فراشبند', 17),
(750, ' فسا', 17),
(751, ' فیروزآباد', 17),
(752, ' قادرآباد', 17),
(753, ' قائمیه', 17),
(754, ' قره بلاغ', 17),
(755, ' قطب آباد', 17),
(756, ' قطرویه', 17),
(757, ' قیر', 17),
(758, ' کارزین', 17),
(759, ' کازرون', 17),
(760, ' کامفیروز', 17),
(761, ' کره ای', 17),
(762, ' کنار تخته', 17),
(763, ' کوار', 17),
(764, ' کوپن', 17),
(765, ' کوهنجان', 17),
(766, ' گراش', 17),
(767, ' گله دار', 17),
(768, ' لار', 17),
(769, ' لامرد', 17),
(770, ' لپوئی', 17),
(771, ' لطیفی', 17),
(772, ' مادرسلیمان', 17),
(773, ' مبارک آباد', 17),
(774, ' محمله', 17),
(775, ' مرودشت', 17),
(776, ' مزایجان', 17),
(777, ' مشکان', 17),
(778, ' مصیری', 17),
(779, ' مهر', 17),
(780, ' میان', 17),
(781, ' میمند', 17),
(782, ' نوبندگان', 17),
(783, ' نوجین', 17),
(784, ' نودان', 17),
(785, ' نور آباد', 17),
(786, ' نی ریز', 17),
(787, ' هما', 17),
(788, ' وراوی', 17),
(789, ' آبگرم', 18),
(790, ' آبیک', 18),
(791, ' ارداق', 18),
(792, ' اسفرورین', 18),
(793, ' اقبالیه', 18),
(794, ' الوند', 18),
(795, ' آوج', 18),
(796, ' بوئین زهرا', 18),
(797, ' بیدستان', 18),
(798, ' تاکستان', 18),
(799, ' خاکعلی', 18),
(800, ' خرمدشت', 18),
(801, ' دانسفهان', 18),
(802, ' رازمیان', 18),
(803, ' سگزآباد', 18),
(804, ' سیردان', 18),
(805, ' شال', 18),
(806, ' شریفیه', 18),
(807, ' ضیاءآباد', 18),
(808, ' قزوین', 18),
(809, ' کوهین', 18),
(810, ' محمدیه', 18),
(811, ' محمودآبادنمونه', 18),
(812, ' معلم کلایه', 18),
(813, ' نرجه', 18),
(814, ' جعفریه', 19),
(815, ' دستجرد', 19),
(816, ' سلفچگان', 19),
(817, ' قم', 19),
(818, ' قنوات', 19),
(819, ' کهک', 19),
(820, '  یاسوکند', 20),
(821, ' آرمرده', 20),
(822, ' اورامان تخت', 20),
(823, ' بابارشانی', 20),
(824, ' بانه', 20),
(825, ' برده رشه', 20),
(826, ' بلبان آباد', 20),
(827, ' بوئین سفلی', 20),
(828, ' بیجار', 20),
(829, ' پیرتاج', 20),
(830, ' توپ آغاج', 20),
(831, ' چناره', 20),
(832, ' دزج', 20),
(833, ' دلبران', 20),
(834, ' دهگلان', 20),
(835, ' دیواندره', 20),
(836, ' زرینه', 20),
(837, ' سروآباد', 20),
(838, ' سریش آباد', 20),
(839, ' سقز', 20),
(840, ' سنندج', 20),
(841, ' شویشه', 20),
(842, ' صاحب', 20),
(843, ' قروه', 20),
(844, ' کامیاران', 20),
(845, ' کانی دینار', 20),
(846, ' کانی سور', 20),
(847, ' مریوان', 20),
(848, ' موچش', 20),
(849, ' اختیارآباد', 21),
(850, ' ارزوئیه', 21),
(851, ' امین ', 21),
(852, ' انار', 21),
(853, ' اندوهجرد', 21),
(854, ' باغین', 21),
(855, ' بافت', 21),
(856, ' بردسیر', 21),
(857, ' بروات', 21),
(858, ' بزنجان', 21),
(859, ' بلورد', 21),
(860, ' بلوک', 21),
(861, ' بم', 21),
(862, ' بهرمان', 21),
(863, ' پاریز', 21),
(864, ' جبالبارز', 21),
(865, ' جوپار', 21),
(866, ' جوپار', 21),
(867, ' جوزم', 21),
(868, ' جیرفت', 21),
(869, ' چترود', 21),
(870, ' خاتون آباد', 21),
(871, ' خانوک', 21),
(872, ' خواجو', 21),
(873, ' خورسند', 21),
(874, ' درب بهشت', 21),
(875, ' دشتکار', 21),
(876, ' دهج', 21),
(877, ' دوساری', 21),
(878, ' رابر', 21),
(879, ' راور', 21),
(880, ' راین', 21),
(881, ' رفسنجان', 21),
(882, ' رودبار', 21),
(883, ' ریحان', 21),
(884, ' زرند', 21),
(885, ' زنگی آباد', 21),
(886, ' زهکلوت', 21),
(887, ' زیدآباد', 21),
(888, ' سیرجان', 21),
(889, ' شهداد', 21),
(890, ' بابک', 21),
(891, ' صفائیه', 21),
(892, ' عنبرآباد', 21),
(893, ' فاریاب', 21),
(894, ' فهرج', 21),
(895, ' قلعه گنج', 21),
(896, ' کاظم آباد', 21),
(897, ' کرمان', 21),
(898, ' کشکوئیه', 21),
(899, ' کهنوج', 21),
(900, ' کوهبنان', 21),
(901, ' کیان', 21),
(902, ' گلباف', 21),
(903, ' گلزار', 21),
(904, ' گنبکی', 21),
(905, ' لاله زار', 21),
(906, ' ماهان', 21),
(907, ' محمدآباد', 21),
(908, ' محی آباد', 21),
(909, ' مردهک', 21),
(910, ' مس سرچشمه', 21),
(911, ' منوجان', 21),
(912, ' نجف ', 21),
(913, ' نرماشیر', 21),
(914, ' نظام ', 21),
(915, ' نگار', 21),
(916, ' نودژ', 21),
(917, ' هجدک', 21),
(918, ' هما', 21),
(919, ' هنزا', 21),
(920, ' یزدان ', 21),
(921, ' ازگله', 22),
(922, ' اسلام آبادغرب', 22),
(923, ' بان وره', 22),
(924, ' باینگان', 22),
(925, ' بیستون', 22),
(926, ' پاوه', 22),
(927, ' تازه آباد', 22),
(928, ' جوانرود', 22),
(929, ' حمیل', 22),
(930, ' رباط', 22),
(931, ' روانسر', 22),
(932, ' ریجاب', 22),
(933, ' سرپل ذهاب', 22),
(934, ' سرمست', 22),
(935, ' سطر', 22),
(936, ' سنقر', 22),
(937, ' سومار', 22),
(938, ' شاهو', 22),
(939, ' صحنه', 22),
(940, ' قصرشیرین', 22),
(941, ' کرمانشاه', 22),
(942, ' کرندغرب', 22),
(943, ' کنگاور', 22),
(944, ' کوزران', 22),
(945, ' گهواره', 22),
(946, ' گودین', 22),
(947, ' گیلانغرب', 22),
(948, ' میان راهان', 22),
(949, ' نودشه', 22),
(950, ' نوسود', 22),
(951, ' هرسین', 22),
(952, ' هلشی', 22),
(953, ' باشت', 23),
(954, ' پاتاوه', 23),
(955, ' چرام', 23),
(956, ' چیتاب', 23),
(957, ' دهدشت', 23),
(958, ' دوگنبدان', 23),
(959, ' دیشموک', 23),
(960, ' سرفاریاب', 23),
(961, ' سوق', 23),
(962, ' سی سخت', 23),
(963, ' قلعه رییسی', 23),
(964, ' گراب سفلی', 23),
(965, ' لنده', 23),
(966, ' لیکک', 23),
(967, ' مادوان', 23),
(968, ' مارگون', 23),
(969, ' یاسوج', 23),
(970, ' آزاد ', 24),
(971, ' آق قلا', 24),
(972, ' انبار آلوم', 24),
(973, ' اینچه برون', 24),
(974, ' بندر گز', 24),
(975, ' بندرترکمن', 24),
(976, ' تاتارعلیا', 24),
(977, ' جلین', 24),
(978, ' خان ببین', 24),
(979, ' دلند', 24),
(980, ' رامیان', 24),
(981, ' سرخنکلاته', 24),
(982, ' سنگدوین', 24),
(983, ' سیمین ', 24),
(984, ' علی آباد', 24),
(985, ' فاضل آباد', 24),
(986, ' فراغی', 24),
(987, ' قرق', 24),
(988, ' قرق', 24),
(989, ' کردکوی', 24),
(990, ' کلاله', 24),
(991, ' گالیکش', 24),
(992, ' گرگان', 24),
(993, ' گمیش تپه', 24),
(994, ' گنبد کاووس', 24),
(995, ' مراوه تپه', 24),
(996, ' مزرعه', 24),
(997, ' مینو دشت', 24),
(998, ' نگین ', 24),
(999, ' نوده خاندوز', 24),
(1000, ' نوکنده', 24),
(1001, ' احمد سر گوراب', 25),
(1002, ' اسالم', 25),
(1003, ' آستارا', 25),
(1004, ' آستانه اشرفیه', 25),
(1005, ' اطاقور', 25),
(1006, ' املش', 25),
(1007, ' بازار جمعه', 25),
(1008, ' بره سر', 25),
(1009, ' بندرانزلی', 25),
(1010, ' پره سر', 25),
(1011, ' توتکابن', 25),
(1012, ' جیرنده', 25),
(1013, ' چابکسر', 25),
(1014, ' چاف وچمخاله', 25),
(1015, ' چوبر', 25),
(1016, ' حویق', 25),
(1017, ' خشکبیجار', 25),
(1018, ' خمام', 25),
(1019, ' دیلمان', 25),
(1020, ' رانکوه', 25),
(1021, ' رحیم آباد', 25),
(1022, ' رستم آباد', 25),
(1023, ' رشت', 25),
(1024, ' رضوان', 25),
(1025, ' رودبار', 25),
(1026, ' رودبنه', 25),
(1027, ' رودسر', 25),
(1028, ' سنگر', 25),
(1029, ' سیاهکل', 25),
(1030, ' شفت', 25),
(1031, ' شلمان', 25),
(1032, ' صومعه سرا', 25),
(1033, ' فومن', 25),
(1034, ' کلاچای', 25),
(1035, ' کوچصفهان', 25),
(1036, ' کومله', 25),
(1037, ' کیا', 25),
(1038, ' گوراب زرمیخ', 25),
(1039, ' لاهیجان', 25),
(1040, ' لشت نشاء', 25),
(1041, ' لنگرود', 25),
(1042, ' لوشان', 25),
(1043, ' لولمان', 25),
(1044, ' لوندویل', 25),
(1045, ' لیسار', 25),
(1046, ' ماسال', 25),
(1047, ' ماسوله', 25),
(1048, ' ماکلوان', 25),
(1049, ' مرجقل', 25),
(1050, ' منجیل', 25),
(1051, ' هشتپر', 25),
(1052, ' واجارگاه', 25),
(1053, ' ازنا', 26),
(1054, ' اشترینان', 26),
(1055, ' الشتر', 26),
(1056, ' الیگودرز', 26),
(1057, ' بروجرد', 26),
(1058, ' بیران ', 26),
(1059, ' پلدختر', 26),
(1060, ' چالانچولان', 26),
(1061, ' چقابل', 26),
(1062, ' چمن سلطان', 26),
(1063, ' خرم آباد', 26),
(1064, ' درب گنبد', 26),
(1065, ' دورود', 26),
(1066, ' زاغه', 26),
(1067, ' سپید دشت', 26),
(1068, ' سرابدوره', 26),
(1069, ' شول آباد', 26),
(1070, ' فیروز آباد', 26),
(1071, ' کوهدشت', 26),
(1072, ' کوهنانی', 26),
(1073, ' گراب', 26),
(1074, ' مسکن مهر فاز2', 26),
(1075, ' معمولان', 26),
(1076, ' مومن آباد', 26),
(1077, ' نورآباد', 26),
(1078, ' هفت چشمه', 26),
(1079, ' ویسیان', 26),
(1080, ' ارطه', 27),
(1081, ' آلاشت', 27),
(1082, ' امام زاده عبدالله', 27),
(1083, ' آمل', 27),
(1084, ' امیرکلا', 27),
(1085, ' ایزد', 27),
(1086, ' بابل', 27),
(1087, ' بابلسر', 27),
(1088, ' بلده', 27),
(1089, ' به', 27),
(1090, ' بهنمیر', 27),
(1091, ' پایین هولار', 27),
(1092, ' پل سفید', 27),
(1093, ' پول', 27),
(1094, ' تنکابن', 27),
(1095, ' جویبار', 27),
(1096, ' چالوس', 27),
(1097, ' چمستان', 27),
(1098, ' خرم آباد', 27),
(1099, ' خلیل ', 27),
(1100, ' خوشرودپی', 27),
(1101, ' دابودشت', 27),
(1102, ' رامسر', 27),
(1103, ' رستمکلا', 27),
(1104, ' رویان', 27),
(1105, ' رینه', 27),
(1106, ' زرگرمحله', 27),
(1107, ' زیر آب', 27),
(1108, ' ساری', 27),
(1109, ' سرخرود', 27),
(1110, ' سلمان', 27),
(1111, ' سورک', 27),
(1112, ' شیرگاه', 27),
(1113, ' شیرود', 27),
(1114, ' عباس آباد', 27),
(1115, ' فریدونکنار', 27),
(1116, ' فریم', 27),
(1117, ' قائم ', 27),
(1118, ' کتالم وسادات ', 27),
(1119, ' کجور', 27),
(1120, ' کلارآباد', 27),
(1121, ' کلاردشت', 27),
(1122, ' کوهی خیل', 27),
(1123, ' کیاسر', 27),
(1124, ' کیاکلا', 27),
(1125, ' گتاب', 27),
(1126, ' گزنک', 27),
(1127, ' گلوگاه', 27),
(1128, ' گلوگاه', 27),
(1129, ' محمودآباد', 27),
(1130, ' مرزن آباد', 27),
(1131, ' مرزی کلا', 27),
(1132, ' نشتارود', 27),
(1133, ' نکا', 27),
(1134, ' نور', 27),
(1135, ' نو', 27),
(1136, ' هادی ', 27),
(1137, ' هچیرود', 27),
(1138, ' اراک', 28),
(1139, ' آستانه', 28),
(1140, ' آشتیان', 28),
(1141, ' آوه', 28),
(1142, ' پرندک', 28),
(1143, ' تفرش', 28),
(1144, ' توره', 28),
(1145, ' جاورسیان', 28),
(1146, ' خشکرود', 28),
(1147, ' خمین', 28),
(1148, ' خنجین', 28),
(1149, ' خنداب', 28),
(1150, ' داودآباد', 28),
(1151, ' دلیجان', 28),
(1152, ' رازقان', 28),
(1153, ' زاویه', 28),
(1154, ' ساروق', 28),
(1155, ' ساوه', 28),
(1156, ' شازند', 28),
(1157, ' شهباز', 28),
(1158, ' جدید امیرکبیر', 28),
(1159, ' جدیدمهاجران', 28),
(1160, ' غرق آباد', 28),
(1161, ' فرمهین', 28),
(1162, ' قورچی باشی', 28),
(1163, ' کارچان', 28),
(1164, ' کمیجان', 28),
(1165, ' مامونیه', 28),
(1166, ' محلات', 28),
(1167, ' میلاجرد', 28),
(1168, ' نراق', 28),
(1169, ' نوبران', 28),
(1170, ' نیمور', 28),
(1171, ' هندودر', 28),
(1172, ' ابوموسی', 29),
(1173, ' بستک', 29),
(1174, ' بندرجاسک', 29),
(1175, ' بندرعباس', 29),
(1176, ' بندرلنگه', 29),
(1177, ' بیکاه', 29),
(1178, ' پارسیان', 29),
(1179, ' تازیان پایین', 29),
(1180, ' تخت', 29),
(1181, ' تیرور', 29),
(1182, ' جناح', 29),
(1183, ' چارک', 29),
(1184, ' حاجی آباد', 29),
(1185, ' خمیر', 29),
(1186, ' درگهان', 29),
(1187, ' دشتی', 29),
(1188, ' دهبارز', 29),
(1189, ' رویدر', 29),
(1190, ' زیارت علی', 29),
(1191, ' سردشت', 29),
(1192, ' سرگز', 29),
(1193, ' سندرک', 29),
(1194, ' سوزا', 29),
(1195, ' سیریک', 29),
(1196, '  جدیدعلوی', 29),
(1197, ' فارغان', 29),
(1198, ' فین', 29),
(1199, ' قشم', 29),
(1200, ' قلعه قاضی', 29),
(1201, ' کنگ', 29),
(1202, ' کوخردهرنگ', 29),
(1203, ' کوشکنار', 29),
(1204, ' کوهستک', 29),
(1205, ' کیش', 29),
(1206, ' گروک', 29),
(1207, ' گوهران', 29),
(1208, ' لمزان', 29),
(1209, ' میناب', 29),
(1210, ' هرمز', 29),
(1211, ' هشتبندی', 29),
(1212, ' آجین', 30),
(1213, ' ازندریان', 30),
(1214, ' اسدآباد', 30),
(1215, ' اسلام آق گل', 30),
(1216, ' برزول', 30),
(1217, ' بهار', 30),
(1218, ' تویسرکان', 30),
(1219, ' جورقان', 30),
(1220, ' جوکار', 30),
(1221, ' دمق', 30),
(1222, ' رزن', 30),
(1223, ' زنگنه', 30),
(1224, ' سامن', 30),
(1225, ' سرکان', 30),
(1226, ' شیرین سو', 30),
(1227, ' صالح آباد', 30),
(1228, ' فامنین', 30),
(1229, ' فرسفج', 30),
(1230, ' فیروزان', 30),
(1231, ' قروه درجزین', 30),
(1232, ' قهاوند', 30),
(1233, ' کبودرآهنگ', 30),
(1234, ' گل تپه', 30),
(1235, ' گیان', 30),
(1236, ' لالجین', 30),
(1237, ' مریانج', 30),
(1238, ' ملایر', 30),
(1239, ' مهاجران', 30),
(1240, ' نهاوند', 30),
(1241, ' همدان', 30),
(1242, ' ابرکوه', 31),
(1243, ' احمدآباد', 31),
(1244, ' اردکان', 31),
(1245, ' اشکذر', 31),
(1246, ' بافق', 31),
(1247, ' بفروئیه', 31),
(1248, ' بهاباد', 31),
(1249, ' تفت', 31),
(1250, ' حمیدیا', 31),
(1251, ' خضرآباد', 31),
(1252, ' زارچ', 31),
(1253, ' شاهدیه', 31),
(1254, ' عقدا', 31),
(1255, ' مروست', 31),
(1256, ' مهردشت', 31),
(1257, ' مهریز', 31),
(1258, ' میبد', 31),
(1259, ' ندوشن', 31),
(1260, ' نیر', 31),
(1261, ' هرات', 31),
(1262, ' یزد', 31);

-- --------------------------------------------------------

--
-- Table structure for table `clerk`
--

DROP TABLE IF EXISTS `clerk`;
CREATE TABLE IF NOT EXISTS `clerk` (
  `id` int(11) NOT NULL AUTO_INCREMENT,
  `name` varchar(150) NOT NULL,
  `mobile` varchar(255) NOT NULL,
  `password` varchar(255) NOT NULL,
  `province_id` int(11) NOT NULL,
  `city_id` int(11) NOT NULL,
  `avatar` varchar(255) DEFAULT NULL,
  `email` varchar(255) DEFAULT NULL,
  `gender` int(11) NOT NULL DEFAULT '1' COMMENT 'یک مرد - دو زن',
  `active` int(11) NOT NULL DEFAULT '0',
  `created_at` bigint(20) DEFAULT NULL,
  `updated_at` bigint(20) DEFAULT NULL,
  PRIMARY KEY (`id`),
  KEY `name` (`name`,`gender`,`active`),
  KEY `mobile` (`mobile`)
) ENGINE=InnoDB AUTO_INCREMENT=7 DEFAULT CHARSET=utf8 COMMENT='جدول منشی';

--
-- Dumping data for table `clerk`
--

INSERT INTO `clerk` (`id`, `name`, `mobile`, `password`, `province_id`, `city_id`, `avatar`, `email`, `gender`, `active`, `created_at`, `updated_at`) VALUES
(5, 'مهری مریوش', '09141017911', '$2y$10$AugZ4zdBjY0s2ahi/LIjEeew4.o76hKQv0QwzpNQ7xB996BeshJFq', 2, 64, 'users/5e24700033369.png', 'clerk@a.com', 2, 1, 1579446272, 1579446272),
(6, 'ساناز وطن دوست', '095465565456', '$2y$10$yPm18TINek8Dk8eokAvJGu9nESXplZj55HBbGX/FTLMFxcwRreJ4m', 2, 64, 'users/5e24889b6c5eb.png', 'clerk2@a.com', 1, 1, 1579452571, 1579452571);

-- --------------------------------------------------------

--
-- Table structure for table `comment`
--

DROP TABLE IF EXISTS `comment`;
CREATE TABLE IF NOT EXISTS `comment` (
  `id` int(11) NOT NULL AUTO_INCREMENT,
  `patient_id` int(11) NOT NULL,
  `doctor_id` int(11) NOT NULL,
  `text` varchar(255) NOT NULL,
  `active` int(11) NOT NULL DEFAULT '0',
  `created_at` bigint(20) DEFAULT NULL,
  `updated_at` bigint(20) DEFAULT NULL,
  PRIMARY KEY (`id`),
  KEY `doctor_id` (`doctor_id`),
  KEY `patient_id` (`patient_id`)
) ENGINE=InnoDB DEFAULT CHARSET=utf8 COMMENT='نظرات';

-- --------------------------------------------------------

--
-- Table structure for table `doctor`
--

DROP TABLE IF EXISTS `doctor`;
CREATE TABLE IF NOT EXISTS `doctor` (
  `id` int(11) NOT NULL AUTO_INCREMENT,
  `province_id` int(11) NOT NULL COMMENT 'استان',
  `city_id` int(11) NOT NULL COMMENT 'شهر',
  `name` varchar(150) NOT NULL,
  `mobile` varchar(255) NOT NULL,
  `password` varchar(255) NOT NULL,
  `avatar` varchar(255) DEFAULT NULL,
  `code` varchar(100) NOT NULL COMMENT 'کد نظام پزشکی',
  `email` varchar(255) DEFAULT NULL,
  `gender` int(11) NOT NULL DEFAULT '1' COMMENT 'یک مرد دو زن',
  `contract_start` bigint(20) NOT NULL DEFAULT '0' COMMENT 'تاریخ شروع قرار داد',
  `contract_end` bigint(20) NOT NULL DEFAULT '0' COMMENT 'تاریخ پایان قرار داد',
  `active` int(11) NOT NULL DEFAULT '0' COMMENT 'صفر غیر فعال - یک فعال - دو در انتظار تایید ادمین -  - سه شماره موبایل تایید شده - چهار موبایل تایید نشده',
  `created_at` bigint(20) DEFAULT NULL,
  `updated_at` bigint(20) DEFAULT NULL,
  `remember_token` varchar(255) DEFAULT NULL,
  PRIMARY KEY (`id`),
  KEY `name` (`name`,`gender`,`active`),
  KEY `mobile` (`mobile`),
  KEY `city_id` (`city_id`),
  KEY `province_id` (`province_id`)
) ENGINE=InnoDB AUTO_INCREMENT=11 DEFAULT CHARSET=utf8 COMMENT='جدول پزشک';

--
-- Dumping data for table `doctor`
--

INSERT INTO `doctor` (`id`, `province_id`, `city_id`, `name`, `mobile`, `password`, `avatar`, `code`, `email`, `gender`, `contract_start`, `contract_end`, `active`, `created_at`, `updated_at`, `remember_token`) VALUES
(9, 2, 64, 'پیمان رحیمی', '09358645549', '$2y$10$1BdD74Disn1tGmaNEGq74uAZoyvGjD3.DoFyVqc0j3msRIsEpW4sy', 'users/5e246fcd2b175.png', '2020', 'doctor@a.com', 1, 0, 0, 1, 1579446221, 1579446221, NULL),
(10, 2, 64, 'مهرداد اکبرپور', '09456546546', '$2y$10$wTxbe91e3IywB3JhvViVsuafJiG/y28fpwHKR7Ocpgn/wJS5GBQ0S', 'users/5e2487dced46e.png', '6060', 'doctor2@a.com', 1, 0, 0, 1, 1579452381, 1579452420, NULL);

-- --------------------------------------------------------

--
-- Table structure for table `honor`
--

DROP TABLE IF EXISTS `honor`;
CREATE TABLE IF NOT EXISTS `honor` (
  `id` int(11) NOT NULL AUTO_INCREMENT,
  `doctor_id` int(11) NOT NULL,
  `date` bigint(20) NOT NULL,
  `picture` varchar(255) DEFAULT NULL,
  `text` varchar(255) NOT NULL,
  `created_at` bigint(20) DEFAULT NULL,
  `updated_at` bigint(20) DEFAULT NULL,
  PRIMARY KEY (`id`),
  KEY `doctor_id` (`doctor_id`)
) ENGINE=InnoDB DEFAULT CHARSET=utf8 COMMENT='جدول افتخارات';

-- --------------------------------------------------------

--
-- Table structure for table `hospital`
--

DROP TABLE IF EXISTS `hospital`;
CREATE TABLE IF NOT EXISTS `hospital` (
  `id` int(11) NOT NULL AUTO_INCREMENT,
  `name` varchar(255) NOT NULL,
  `province_id` int(11) NOT NULL,
  `city_id` int(11) NOT NULL,
  `gallery` varchar(255) DEFAULT NULL,
  `phone` varchar(255) NOT NULL,
  `address` varchar(255) NOT NULL,
  `created_at` bigint(20) DEFAULT NULL,
  `updated_at` bigint(20) DEFAULT NULL,
  `active` int(11) NOT NULL DEFAULT '1',
  PRIMARY KEY (`id`),
  KEY `name` (`name`),
  KEY `province_id` (`province_id`),
  KEY `city_id` (`city_id`)
) ENGINE=InnoDB AUTO_INCREMENT=6 DEFAULT CHARSET=utf8 COMMENT='بیمارستان';

--
-- Dumping data for table `hospital`
--

INSERT INTO `hospital` (`id`, `name`, `province_id`, `city_id`, `gallery`, `phone`, `address`, `created_at`, `updated_at`, `active`) VALUES
(4, 'امید', 2, 64, 'a:3:{i:0;s:27:\"hospital/5e2472a42232e.jpeg\";i:1;s:27:\"hospital/5e2472a44eb93.jpeg\";i:2;s:27:\"hospital/5e2472a58fd46.jpeg\";}', '093586435549', 'ا خیابان جمهوری - 12 متری سوم- کوچه 40 - پلاک 10', 1579446949, 1579446949, 1),
(5, 'طالقانی', 2, 64, 'a:2:{i:0;s:27:\"hospital/5e248953a7c2c.jpeg\";i:1;s:27:\"hospital/5e248953e5e22.jpeg\";}', '0914', 'بلوار ایثار - خاقانی - پلاک 22', 1579452755, 1579452755, 1);

-- --------------------------------------------------------

--
-- Table structure for table `hospital_doctor`
--

DROP TABLE IF EXISTS `hospital_doctor`;
CREATE TABLE IF NOT EXISTS `hospital_doctor` (
  `id` int(11) NOT NULL AUTO_INCREMENT,
  `hospital_id` int(11) NOT NULL,
  `doctor_id` int(11) NOT NULL,
  `created_at` bigint(20) DEFAULT NULL,
  `updated_at` bigint(20) DEFAULT NULL,
  PRIMARY KEY (`id`),
  KEY `hospital_id` (`hospital_id`),
  KEY `doctor_id` (`doctor_id`)
) ENGINE=InnoDB AUTO_INCREMENT=7 DEFAULT CHARSET=utf8 COMMENT='دکتر های بیمارستان';

--
-- Dumping data for table `hospital_doctor`
--

INSERT INTO `hospital_doctor` (`id`, `hospital_id`, `doctor_id`, `created_at`, `updated_at`) VALUES
(4, 4, 9, 1579446949, 1579446949),
(5, 5, 9, 1579452755, 1579452755),
(6, 5, 10, 1579452755, 1579452755);

-- --------------------------------------------------------

--
-- Table structure for table `hospital_doctor_clerk`
--

DROP TABLE IF EXISTS `hospital_doctor_clerk`;
CREATE TABLE IF NOT EXISTS `hospital_doctor_clerk` (
  `id` int(11) NOT NULL AUTO_INCREMENT,
  `hospital_id` int(11) NOT NULL,
  `doctor_id` int(11) NOT NULL,
  `clerk_id` int(11) NOT NULL,
  `created_at` bigint(20) DEFAULT NULL,
  `updated_at` bigint(20) DEFAULT NULL,
  PRIMARY KEY (`id`),
  KEY `clerk_id` (`clerk_id`),
  KEY `doctor_id` (`doctor_id`),
  KEY `hospital_id` (`hospital_id`)
) ENGINE=InnoDB AUTO_INCREMENT=8 DEFAULT CHARSET=utf8 COMMENT='منشی های پزشکان در بیمارستان';

--
-- Dumping data for table `hospital_doctor_clerk`
--

INSERT INTO `hospital_doctor_clerk` (`id`, `hospital_id`, `doctor_id`, `clerk_id`, `created_at`, `updated_at`) VALUES
(7, 4, 9, 5, 1579452770, 1579452770);

-- --------------------------------------------------------

--
-- Table structure for table `office`
--

DROP TABLE IF EXISTS `office`;
CREATE TABLE IF NOT EXISTS `office` (
  `id` int(11) NOT NULL AUTO_INCREMENT,
  `province_id` int(11) NOT NULL,
  `city_id` int(11) NOT NULL,
  `doctor_id` int(11) NOT NULL,
  `clerk_id` int(11) NOT NULL,
  `address` varchar(255) NOT NULL,
  `phone` varchar(255) NOT NULL,
  `gallery` varchar(255) DEFAULT NULL COMMENT 'گالری',
  `active` int(11) NOT NULL DEFAULT '1',
  `created_at` bigint(20) DEFAULT NULL,
  `updated_at` bigint(20) DEFAULT NULL,
  PRIMARY KEY (`id`),
  KEY `city_id` (`city_id`),
  KEY `clerk_id` (`clerk_id`),
  KEY `doctor_id` (`doctor_id`),
  KEY `province_id` (`province_id`)
) ENGINE=InnoDB AUTO_INCREMENT=8 DEFAULT CHARSET=utf8 COMMENT='جدول مطب';

--
-- Dumping data for table `office`
--

INSERT INTO `office` (`id`, `province_id`, `city_id`, `doctor_id`, `clerk_id`, `address`, `phone`, `gallery`, `active`, `created_at`, `updated_at`) VALUES
(6, 2, 64, 9, 5, 'بلوار ایثار - خاقانی - پلاک 33', '0444566565456', 'a:4:{i:0;s:25:\"office/5e2471f74baf7.jpeg\";i:1;s:25:\"office/5e2471f780332.jpeg\";i:2;s:25:\"office/5e2471f7b95a0.jpeg\";i:3;s:32:\"office/26127945e24720c09beb.jpeg\";}', 1, 1579446775, 1579446803),
(7, 2, 64, 10, 6, 'خیابان ولیعصر - 14متری دوم - کوچه10 - پلاک 22', '044365465465', 'a:2:{i:0;s:25:\"office/5e2488d7e8613.jpeg\";i:1;s:25:\"office/5e2488d8183b7.jpeg\";}', 1, 1579452632, 1579452632);

-- --------------------------------------------------------

--
-- Table structure for table `patient`
--

DROP TABLE IF EXISTS `patient`;
CREATE TABLE IF NOT EXISTS `patient` (
  `id` int(11) NOT NULL AUTO_INCREMENT,
  `name` varchar(255) NOT NULL,
  `nc` varchar(255) NOT NULL,
  `mobile` varchar(255) NOT NULL,
  `password` varchar(255) NOT NULL,
  `province_id` int(11) NOT NULL,
  `city_id` int(11) NOT NULL,
  `avatar` varchar(255) DEFAULT NULL,
  `gender` int(11) NOT NULL DEFAULT '1',
  `created_at` bigint(20) DEFAULT NULL,
  `updated_at` bigint(20) NOT NULL,
  `active` int(11) NOT NULL DEFAULT '0' COMMENT 'صفر غیر فعال - یک فعال - دو در انتظار تایید ادمین -  - سه شماره موبایل تایید شده - چهار موبایل تایید نشده',
  PRIMARY KEY (`id`),
  KEY `name` (`name`,`nc`,`mobile`,`active`),
  KEY `city_id` (`city_id`),
  KEY `province_id` (`province_id`)
) ENGINE=InnoDB AUTO_INCREMENT=6 DEFAULT CHARSET=utf8 COMMENT='بیماران';

--
-- Dumping data for table `patient`
--

INSERT INTO `patient` (`id`, `name`, `nc`, `mobile`, `password`, `province_id`, `city_id`, `avatar`, `gender`, `created_at`, `updated_at`, `active`) VALUES
(4, 'مهدی رحیم پور', '274', '09358625599', '$2y$10$1dgAVV/99E4O6a8em8LBpeMltcPKPDeblkvG9dA3PnOjdkkz5OQwe', 2, 64, 'users/5e24705657b65.png', 1, 1579446358, 1579446358, 1),
(5, 'محمد قاضی زاده', '374', '098784655', '$2y$10$X3jEqCjgeLSh/TZzui.t4.XZXubHij4cmnTZz0FkJaB24iwOyCG76', 2, 64, 'users/5e248b15bfdbb.png', 1, 1579453205, 1579453205, 1);

-- --------------------------------------------------------

--
-- Table structure for table `payments`
--

DROP TABLE IF EXISTS `payments`;
CREATE TABLE IF NOT EXISTS `payments` (
  `id` int(11) NOT NULL AUTO_INCREMENT,
  `patient_id` int(11) NOT NULL,
  `reserve_id` int(11) NOT NULL,
  `status` int(11) NOT NULL,
  `refid` varchar(255) DEFAULT NULL,
  `price` int(11) NOT NULL,
  `resnumber` varchar(255) NOT NULL,
  `created_at` bigint(20) DEFAULT NULL,
  `updated_at` bigint(20) DEFAULT NULL,
  PRIMARY KEY (`id`)
) ENGINE=InnoDB AUTO_INCREMENT=10 DEFAULT CHARSET=utf8;

--
-- Dumping data for table `payments`
--

INSERT INTO `payments` (`id`, `patient_id`, `reserve_id`, `status`, `refid`, `price`, `resnumber`, `created_at`, `updated_at`) VALUES
(8, 5, 16, 0, NULL, 100, '000000000000000000000000000145917144', 1579453310, 1579453310),
(9, 5, 17, 100, '391001427789', 100, '000000000000000000000000000145917201', 1579453335, 1579453343);

-- --------------------------------------------------------

--
-- Table structure for table `province`
--

DROP TABLE IF EXISTS `province`;
CREATE TABLE IF NOT EXISTS `province` (
  `id` int(32) NOT NULL AUTO_INCREMENT,
  `name` varchar(255) COLLATE utf8_persian_ci NOT NULL,
  `country_id` bigint(20) NOT NULL DEFAULT '1',
  PRIMARY KEY (`id`),
  KEY `country_id` (`country_id`)
) ENGINE=InnoDB AUTO_INCREMENT=34 DEFAULT CHARSET=utf8 COLLATE=utf8_persian_ci COMMENT='استان';

--
-- Dumping data for table `province`
--

INSERT INTO `province` (`id`, `name`, `country_id`) VALUES
(1, 'اذربايجان شرقي ', 1),
(2, 'اذربايجان غربي ', 1),
(3, 'اردبيل ', 1),
(4, 'اصفهان ', 1),
(5, 'البرز ', 1),
(6, 'ايلام ', 1),
(7, 'بوشهر ', 1),
(8, 'تهران ', 1),
(9, 'چهارمحال وبختياري ', 1),
(10, 'خراسان جنوبي ', 1),
(11, 'خراسان رضوي ', 1),
(12, 'خراسان شمالي ', 1),
(13, 'خوزستان ', 1),
(14, 'زنجان ', 1),
(15, 'سمنان ', 1),
(16, 'سيستان وبلوچستان ', 1),
(17, 'فارس ', 1),
(18, 'قزوين ', 1),
(19, 'قم ', 1),
(20, 'كردستان ', 1),
(21, 'كرمان ', 1),
(22, 'كرمانشاه ', 1),
(23, 'كهگيلويه وبويراحمد ', 1),
(24, 'گلستان ', 1),
(25, 'گيلان ', 1),
(26, 'لرستان ', 1),
(27, 'مازندران ', 1),
(28, 'مركزي ', 1),
(29, 'هرمزگان ', 1),
(30, 'همدان ', 1),
(31, 'يزد ', 1),
(32, 'خارج ازكشور ', 1),
(33, 'ایلام', 1);

-- --------------------------------------------------------

--
-- Table structure for table `question`
--

DROP TABLE IF EXISTS `question`;
CREATE TABLE IF NOT EXISTS `question` (
  `id` int(11) NOT NULL AUTO_INCREMENT,
  `patient_id` int(11) NOT NULL,
  `doctor_id` int(11) NOT NULL,
  `title` varchar(100) NOT NULL COMMENT 'عن.ان پرسش',
  `text` varchar(255) NOT NULL COMMENT 'متن پرسش',
  `response` varchar(255) DEFAULT NULL COMMENT 'پاسخ پزشک',
  `created_at` bigint(20) DEFAULT NULL,
  `updated_at` bigint(20) DEFAULT NULL,
  PRIMARY KEY (`id`),
  KEY `doctor_id` (`doctor_id`),
  KEY `patient_id` (`patient_id`)
) ENGINE=InnoDB DEFAULT CHARSET=utf8 COMMENT='پرسش از پزشک';

-- --------------------------------------------------------

--
-- Table structure for table `reservation_time`
--

DROP TABLE IF EXISTS `reservation_time`;
CREATE TABLE IF NOT EXISTS `reservation_time` (
  `id` int(11) NOT NULL AUTO_INCREMENT,
  `start_reserve` bigint(20) NOT NULL COMMENT 'تاریخ شروع رزرو',
  `end_reserve` bigint(20) NOT NULL COMMENT 'تاریخ پیان رزرو',
  `total` int(11) NOT NULL COMMENT 'تعداد کل رزرو ها',
  `remaining` int(11) NOT NULL COMMENT 'باقی مانده رزرو',
  `doctor_id` int(11) NOT NULL,
  `clerk_id` int(11) NOT NULL,
  `location_id` int(11) NOT NULL COMMENT 'آیدی مکان',
  `location_type` int(11) NOT NULL COMMENT 'یک مطب - دو بیمارستان - سه کلینیک',
  `created_at` bigint(20) DEFAULT NULL,
  `updated_at` bigint(20) DEFAULT NULL,
  `visit` int(11) NOT NULL DEFAULT '100',
  PRIMARY KEY (`id`),
  KEY `start_reserve` (`start_reserve`,`end_reserve`,`remaining`,`location_id`,`location_type`),
  KEY `doctor_id` (`doctor_id`)
) ENGINE=InnoDB AUTO_INCREMENT=16 DEFAULT CHARSET=utf8 COMMENT='جدول زمان های قابل رزرو';

--
-- Dumping data for table `reservation_time`
--

INSERT INTO `reservation_time` (`id`, `start_reserve`, `end_reserve`, `total`, `remaining`, `doctor_id`, `clerk_id`, `location_id`, `location_type`, `created_at`, `updated_at`, `visit`) VALUES
(12, 1579761060, 1579767600, 25, 23, 9, 5, 6, 1, 1579452989, 1579453334, 100),
(13, 1580185800, 1580198400, 25, 25, 9, 5, 6, 1, 1579453013, 1579453013, 100),
(14, 1580274000, 1580284800, 30, 30, 9, 5, 4, 2, 1579453039, 1579453039, 100),
(15, 1580792400, 1580803200, 10, 10, 9, 5, 4, 2, 1579453133, 1579453133, 100);

-- --------------------------------------------------------

--
-- Table structure for table `reserve`
--

DROP TABLE IF EXISTS `reserve`;
CREATE TABLE IF NOT EXISTS `reserve` (
  `id` int(11) NOT NULL AUTO_INCREMENT,
  `time_id` int(11) NOT NULL,
  `patient_id` int(11) NOT NULL,
  `status` int(11) NOT NULL DEFAULT '0' COMMENT '	پک پرداخت در مطب - دو در انتظتر پرداخت - سه رداخت شدهی',
  `turn` int(11) NOT NULL,
  `created_at` bigint(20) DEFAULT NULL,
  `updated_at` bigint(20) DEFAULT NULL,
  `price` int(11) NOT NULL,
  PRIMARY KEY (`id`),
  KEY `patient_id` (`patient_id`),
  KEY `time_id` (`time_id`)
) ENGINE=InnoDB AUTO_INCREMENT=18 DEFAULT CHARSET=utf8 COMMENT='رزرو های بیماران';

--
-- Dumping data for table `reserve`
--

INSERT INTO `reserve` (`id`, `time_id`, `patient_id`, `status`, `turn`, `created_at`, `updated_at`, `price`) VALUES
(16, 12, 5, 2, 26, 1579453309, 1579453309, 100),
(17, 12, 5, 3, 26, 1579453334, 1579453343, 100);

-- --------------------------------------------------------

--
-- Table structure for table `sms`
--

DROP TABLE IF EXISTS `sms`;
CREATE TABLE IF NOT EXISTS `sms` (
  `id` int(11) NOT NULL AUTO_INCREMENT,
  `code` int(11) NOT NULL COMMENT 'کد پیامک',
  `user_id` int(11) NOT NULL COMMENT 'آیدی کاربر',
  `user_type` int(11) NOT NULL COMMENT 'یک پزشک - دو منشی - سه بیمار',
  `created_at` bigint(20) DEFAULT NULL,
  `updated_at` bigint(20) DEFAULT NULL,
  PRIMARY KEY (`id`)
) ENGINE=InnoDB DEFAULT CHARSET=utf8 COMMENT='جدول پیامک های ارسالی';

-- --------------------------------------------------------

--
-- Table structure for table `specialty`
--

DROP TABLE IF EXISTS `specialty`;
CREATE TABLE IF NOT EXISTS `specialty` (
  `id` int(11) NOT NULL AUTO_INCREMENT,
  `name` varchar(255) NOT NULL,
  `created_at` bigint(20) DEFAULT NULL,
  `updated_at` bigint(20) DEFAULT NULL,
  PRIMARY KEY (`id`),
  KEY `title` (`name`)
) ENGINE=InnoDB AUTO_INCREMENT=16 DEFAULT CHARSET=utf8 COMMENT='جدول تخصص';

--
-- Dumping data for table `specialty`
--

INSERT INTO `specialty` (`id`, `name`, `created_at`, `updated_at`) VALUES
(10, 'اطفال', 1578590329, 1578590329),
(11, 'حلق و بینی', 1578590335, 1578590335),
(12, 'گوارش', 1578590339, 1578590339),
(13, 'مغز و اعصاب', 1578590344, 1578590344),
(15, 'عمومی', 1579446029, 1579446036);

-- --------------------------------------------------------

--
-- Table structure for table `specialty_doctor`
--

DROP TABLE IF EXISTS `specialty_doctor`;
CREATE TABLE IF NOT EXISTS `specialty_doctor` (
  `id` int(11) NOT NULL AUTO_INCREMENT,
  `doctor_id` int(11) NOT NULL,
  `specialty_id` int(11) NOT NULL,
  `created_at` bigint(20) DEFAULT NULL,
  `updated_at` bigint(20) DEFAULT NULL,
  PRIMARY KEY (`id`),
  KEY `doctor_id` (`doctor_id`),
  KEY `specialty_id` (`specialty_id`)
) ENGINE=InnoDB AUTO_INCREMENT=25 DEFAULT CHARSET=utf8 COMMENT='تخصص پزشک';

--
-- Dumping data for table `specialty_doctor`
--

INSERT INTO `specialty_doctor` (`id`, `doctor_id`, `specialty_id`, `created_at`, `updated_at`) VALUES
(21, 9, 10, 1579446221, 1579446221),
(22, 9, 11, 1579446221, 1579446221),
(23, 9, 12, 1579446221, 1579446221),
(24, 10, 15, 1579452381, 1579452381);

-- --------------------------------------------------------

--
-- Table structure for table `specialty_hospital`
--

DROP TABLE IF EXISTS `specialty_hospital`;
CREATE TABLE IF NOT EXISTS `specialty_hospital` (
  `id` int(11) NOT NULL AUTO_INCREMENT,
  `specialty_id` int(11) NOT NULL,
  `hospital_id` int(11) NOT NULL,
  `created_at` bigint(20) DEFAULT NULL,
  `updated_at` bigint(20) DEFAULT NULL,
  PRIMARY KEY (`id`),
  KEY `specialty_id` (`specialty_id`),
  KEY `hospital_id` (`hospital_id`)
) ENGINE=InnoDB AUTO_INCREMENT=22 DEFAULT CHARSET=utf8 COMMENT='تخصص های بیمارستان';

--
-- Dumping data for table `specialty_hospital`
--

INSERT INTO `specialty_hospital` (`id`, `specialty_id`, `hospital_id`, `created_at`, `updated_at`) VALUES
(12, 10, 4, 1579446949, 1579446949),
(13, 11, 4, 1579446949, 1579446949),
(14, 12, 4, 1579446949, 1579446949),
(15, 13, 4, 1579446949, 1579446949),
(16, 15, 4, 1579446949, 1579446949),
(17, 10, 5, 1579452755, 1579452755),
(18, 11, 5, 1579452755, 1579452755),
(19, 12, 5, 1579452755, 1579452755),
(20, 13, 5, 1579452755, 1579452755),
(21, 15, 5, 1579452755, 1579452755);

--
-- Constraints for dumped tables
--

--
-- Constraints for table `comment`
--
ALTER TABLE `comment`
  ADD CONSTRAINT `comment_ibfk_1` FOREIGN KEY (`doctor_id`) REFERENCES `doctor` (`id`) ON DELETE CASCADE ON UPDATE NO ACTION,
  ADD CONSTRAINT `comment_ibfk_2` FOREIGN KEY (`patient_id`) REFERENCES `patient` (`id`) ON DELETE CASCADE ON UPDATE NO ACTION;

--
-- Constraints for table `doctor`
--
ALTER TABLE `doctor`
  ADD CONSTRAINT `doctor_ibfk_1` FOREIGN KEY (`city_id`) REFERENCES `city` (`id`) ON DELETE CASCADE ON UPDATE NO ACTION,
  ADD CONSTRAINT `doctor_ibfk_2` FOREIGN KEY (`province_id`) REFERENCES `province` (`id`) ON DELETE CASCADE ON UPDATE NO ACTION;

--
-- Constraints for table `honor`
--
ALTER TABLE `honor`
  ADD CONSTRAINT `honor_ibfk_1` FOREIGN KEY (`doctor_id`) REFERENCES `doctor` (`id`) ON DELETE CASCADE ON UPDATE NO ACTION;

--
-- Constraints for table `hospital`
--
ALTER TABLE `hospital`
  ADD CONSTRAINT `hospital_ibfk_1` FOREIGN KEY (`province_id`) REFERENCES `province` (`id`) ON DELETE CASCADE ON UPDATE NO ACTION,
  ADD CONSTRAINT `hospital_ibfk_2` FOREIGN KEY (`city_id`) REFERENCES `city` (`id`) ON DELETE CASCADE ON UPDATE NO ACTION;

--
-- Constraints for table `hospital_doctor`
--
ALTER TABLE `hospital_doctor`
  ADD CONSTRAINT `hospital_doctor_ibfk_1` FOREIGN KEY (`hospital_id`) REFERENCES `hospital` (`id`) ON DELETE CASCADE ON UPDATE NO ACTION,
  ADD CONSTRAINT `hospital_doctor_ibfk_2` FOREIGN KEY (`doctor_id`) REFERENCES `doctor` (`id`) ON DELETE CASCADE ON UPDATE NO ACTION;

--
-- Constraints for table `hospital_doctor_clerk`
--
ALTER TABLE `hospital_doctor_clerk`
  ADD CONSTRAINT `hospital_doctor_clerk_ibfk_1` FOREIGN KEY (`clerk_id`) REFERENCES `clerk` (`id`) ON DELETE CASCADE ON UPDATE NO ACTION,
  ADD CONSTRAINT `hospital_doctor_clerk_ibfk_2` FOREIGN KEY (`doctor_id`) REFERENCES `doctor` (`id`) ON DELETE CASCADE ON UPDATE NO ACTION,
  ADD CONSTRAINT `hospital_doctor_clerk_ibfk_3` FOREIGN KEY (`hospital_id`) REFERENCES `hospital` (`id`) ON DELETE CASCADE ON UPDATE NO ACTION;

--
-- Constraints for table `office`
--
ALTER TABLE `office`
  ADD CONSTRAINT `office_ibfk_1` FOREIGN KEY (`city_id`) REFERENCES `city` (`id`) ON DELETE CASCADE ON UPDATE NO ACTION,
  ADD CONSTRAINT `office_ibfk_2` FOREIGN KEY (`clerk_id`) REFERENCES `clerk` (`id`) ON DELETE CASCADE ON UPDATE NO ACTION,
  ADD CONSTRAINT `office_ibfk_3` FOREIGN KEY (`doctor_id`) REFERENCES `doctor` (`id`) ON DELETE CASCADE ON UPDATE NO ACTION,
  ADD CONSTRAINT `office_ibfk_4` FOREIGN KEY (`province_id`) REFERENCES `province` (`id`) ON DELETE CASCADE ON UPDATE NO ACTION;

--
-- Constraints for table `patient`
--
ALTER TABLE `patient`
  ADD CONSTRAINT `patient_ibfk_1` FOREIGN KEY (`city_id`) REFERENCES `city` (`id`) ON DELETE CASCADE ON UPDATE NO ACTION,
  ADD CONSTRAINT `patient_ibfk_2` FOREIGN KEY (`province_id`) REFERENCES `province` (`id`) ON DELETE CASCADE ON UPDATE NO ACTION;

--
-- Constraints for table `question`
--
ALTER TABLE `question`
  ADD CONSTRAINT `question_ibfk_1` FOREIGN KEY (`doctor_id`) REFERENCES `doctor` (`id`) ON DELETE CASCADE ON UPDATE NO ACTION,
  ADD CONSTRAINT `question_ibfk_2` FOREIGN KEY (`patient_id`) REFERENCES `patient` (`id`) ON DELETE CASCADE ON UPDATE NO ACTION;

--
-- Constraints for table `reservation_time`
--
ALTER TABLE `reservation_time`
  ADD CONSTRAINT `reservation_time_ibfk_1` FOREIGN KEY (`doctor_id`) REFERENCES `doctor` (`id`) ON DELETE CASCADE ON UPDATE NO ACTION;

--
-- Constraints for table `reserve`
--
ALTER TABLE `reserve`
  ADD CONSTRAINT `reserve_ibfk_1` FOREIGN KEY (`patient_id`) REFERENCES `patient` (`id`) ON DELETE CASCADE ON UPDATE NO ACTION,
  ADD CONSTRAINT `reserve_ibfk_2` FOREIGN KEY (`time_id`) REFERENCES `reservation_time` (`id`) ON DELETE CASCADE ON UPDATE NO ACTION;

--
-- Constraints for table `specialty_doctor`
--
ALTER TABLE `specialty_doctor`
  ADD CONSTRAINT `specialty_doctor_ibfk_1` FOREIGN KEY (`doctor_id`) REFERENCES `doctor` (`id`) ON DELETE CASCADE ON UPDATE NO ACTION,
  ADD CONSTRAINT `specialty_doctor_ibfk_2` FOREIGN KEY (`specialty_id`) REFERENCES `specialty` (`id`) ON DELETE CASCADE ON UPDATE NO ACTION;

--
-- Constraints for table `specialty_hospital`
--
ALTER TABLE `specialty_hospital`
  ADD CONSTRAINT `specialty_hospital_ibfk_1` FOREIGN KEY (`specialty_id`) REFERENCES `specialty` (`id`) ON DELETE CASCADE ON UPDATE NO ACTION,
  ADD CONSTRAINT `specialty_hospital_ibfk_2` FOREIGN KEY (`hospital_id`) REFERENCES `hospital` (`id`) ON DELETE CASCADE ON UPDATE NO ACTION;
COMMIT;

/*!40101 SET CHARACTER_SET_CLIENT=@OLD_CHARACTER_SET_CLIENT */;
/*!40101 SET CHARACTER_SET_RESULTS=@OLD_CHARACTER_SET_RESULTS */;
/*!40101 SET COLLATION_CONNECTION=@OLD_COLLATION_CONNECTION */;
